<?xml version="1.0"?>
<schema version="0.3">
	<table name="sessions2">
		<desc>table for ADOdb session-management</desc>

		<field name="SESSKEY" type="C" size="64">
			<descr>session key</descr>
			<KEY />
			<NOTNULL />
		</field>



		<field name="EXPIRY" type="T">
			<descr></descr>
			<NOTNULL />
		</field>

		<field name="CREATED" type="T">
			<descr></descr>
			<NOTNULL />
		</field>

		<field name="MODIFIED" type="T">
			<descr></descr>
			<NOTNULL />
		</field>

		<field name="EXPIREREF" type="C" size="250">
			<descr></descr>
		</field>

		<field name="SESSDATA" type="XL">
			<descr></descr>
			<NOTNULL />
		</field>
	</table>
</schema>
